booking_id,trip_id,rider_id,boarding_stop_id,booked_at,promised_eta
BKG_0001,TRIP_001,R-1096,S-0904,2026-06-13T14:45:00+05:30,2026-06-15T07:11:53+05:30
BKG_0002,TRIP_001,R-1127,S-0906,2026-06-14T04:45:00+05:30,2026-06-15T07:29:50+05:30
BKG_0003,TRIP_001,R-1240,S-0904,2026-06-14T10:45:00+05:30,2026-06-15T07:11:53+05:30
BKG_0004,TRIP_001,R-1106,S-0906,2026-06-14T04:45:00+05:30,2026-06-15T07:29:50+05:30
BKG_0005,TRIP_001,R-1158,S-0904,2026-06-12T06:45:00+05:30,2026-06-15T07:11:53+05:30
BKG_0006,TRIP_001,R-1188,S-0902,2026-06-14T22:45:00+05:30,2026-06-15T06:52:34+05:30
BKG_0007,TRIP_001,R-1095,S-0904,2026-06-12T18:45:00+05:30,2026-06-15T07:11:53+05:30
BKG_0008,TRIP_001,R-1199,S-0902,2026-06-12T18:45:00+05:30,2026-06-15T06:52:34+05:30
BKG_0009,TRIP_002,R-1213,S-1102,2026-06-12T18:50:00+05:30,2026-06-15T06:58:57+05:30
BKG_0010,TRIP_002,R-1258,S-1103,2026-06-13T14:50:00+05:30,2026-06-15T07:08:35+05:30
BKG_0011,TRIP_002,R-1132,S-1102,2026-06-13T14:50:00+05:30,2026-06-15T06:58:57+05:30
BKG_0012,TRIP_002,R-1026,S-1102,2026-06-14T10:50:00+05:30,2026-06-15T06:58:57+05:30
BKG_0013,TRIP_002,R-1153,S-1106,2026-06-13T14:50:00+05:30,2026-06-15T07:34:05+05:30
BKG_0014,TRIP_002,R-1101,S-1102,2026-06-13T14:50:00+05:30,2026-06-15T06:58:57+05:30
BKG_0015,TRIP_002,R-1081,S-1106,2026-06-14T04:50:00+05:30,2026-06-15T07:34:05+05:30
BKG_0016,TRIP_002,R-1081,S-1102,2026-06-12T06:50:00+05:30,2026-06-15T06:58:57+05:30
BKG_0017,TRIP_002,R-1185,S-1105,2026-06-14T10:50:00+05:30,2026-06-15T07:24:31+05:30
BKG_0018,TRIP_002,R-1036,S-1101,2026-06-14T22:50:00+05:30,2026-06-15T06:50:00+05:30
BKG_0019,TRIP_003,R-1022,S-1205,2026-06-12T07:05:00+05:30,2026-06-15T07:40:04+05:30
BKG_0020,TRIP_003,R-1212,S-1205,2026-06-13T15:05:00+05:30,2026-06-15T07:40:04+05:30
BKG_0021,TRIP_003,R-1257,S-1201,2026-06-12T07:05:00+05:30,2026-06-15T07:05:00+05:30
BKG_0022,TRIP_003,R-1199,S-1203,2026-06-14T23:05:00+05:30,2026-06-15T07:22:50+05:30
BKG_0023,TRIP_003,R-1094,S-1202,2026-06-14T17:05:00+05:30,2026-06-15T07:12:15+05:30
BKG_0024,TRIP_003,R-1004,S-1206,2026-06-14T17:05:00+05:30,2026-06-15T07:46:17+05:30
BKG_0025,TRIP_003,R-1073,S-1203,2026-06-14T05:05:00+05:30,2026-06-15T07:22:50+05:30
BKG_0026,TRIP_003,R-1251,S-1207,2026-06-14T17:05:00+05:30,2026-06-15T07:56:51+05:30
BKG_0027,TRIP_003,R-1035,S-1202,2026-06-12T07:05:00+05:30,2026-06-15T07:12:15+05:30
BKG_0028,TRIP_003,R-1137,S-1202,2026-06-14T23:05:00+05:30,2026-06-15T07:12:15+05:30
BKG_0029,TRIP_003,R-1162,S-1204,2026-06-12T19:05:00+05:30,2026-06-15T07:29:52+05:30
BKG_0030,TRIP_003,R-1100,S-1203,2026-06-14T05:05:00+05:30,2026-06-15T07:22:50+05:30
BKG_0031,TRIP_003,R-1218,S-1203,2026-06-14T05:05:00+05:30,2026-06-15T07:22:50+05:30
BKG_0032,TRIP_003,R-1080,S-1204,2026-06-12T19:05:00+05:30,2026-06-15T07:29:52+05:30
BKG_0033,TRIP_003,R-1037,S-1203,2026-06-12T07:05:00+05:30,2026-06-15T07:22:50+05:30
BKG_0034,TRIP_004,R-1124,S-1402,2026-06-13T14:35:00+05:30,2026-06-15T06:43:04+05:30
BKG_0035,TRIP_004,R-1047,S-1405,2026-06-12T18:35:00+05:30,2026-06-15T07:09:26+05:30
BKG_0036,TRIP_004,R-1050,S-1401,2026-06-12T18:35:00+05:30,2026-06-15T06:35:00+05:30
BKG_0037,TRIP_004,R-1171,S-1405,2026-06-14T22:35:00+05:30,2026-06-15T07:09:26+05:30
BKG_0038,TRIP_004,R-1240,S-1407,2026-06-14T10:35:00+05:30,2026-06-15T07:25:57+05:30
BKG_0039,TRIP_004,R-1191,S-1402,2026-06-12T06:35:00+05:30,2026-06-15T06:43:04+05:30
BKG_0040,TRIP_004,R-1016,S-1403,2026-06-14T04:35:00+05:30,2026-06-15T06:51:13+05:30
BKG_0041,TRIP_004,R-1121,S-1404,2026-06-14T16:35:00+05:30,2026-06-15T07:00:28+05:30
BKG_0042,TRIP_004,R-1075,S-1404,2026-06-13T14:35:00+05:30,2026-06-15T07:00:28+05:30
BKG_0043,TRIP_004,R-1112,S-1404,2026-06-12T18:35:00+05:30,2026-06-15T07:00:28+05:30
BKG_0044,TRIP_004,R-1033,S-1402,2026-06-14T10:35:00+05:30,2026-06-15T06:43:04+05:30
BKG_0045,TRIP_004,R-1258,S-1406,2026-06-13T14:35:00+05:30,2026-06-15T07:16:24+05:30
BKG_0046,TRIP_004,R-1131,S-1401,2026-06-13T14:35:00+05:30,2026-06-15T06:35:00+05:30
BKG_0047,TRIP_005,R-1155,S-1702,2026-06-13T15:20:00+05:30,2026-06-15T07:27:56+05:30
BKG_0048,TRIP_005,R-1147,S-1702,2026-06-12T19:20:00+05:30,2026-06-15T07:27:56+05:30
BKG_0049,TRIP_005,R-1096,S-1706,2026-06-14T05:20:00+05:30,2026-06-15T08:05:55+05:30
BKG_0050,TRIP_005,R-1167,S-1704,2026-06-14T23:20:00+05:30,2026-06-15T07:47:14+05:30
BKG_0051,TRIP_005,R-1183,S-1704,2026-06-14T17:20:00+05:30,2026-06-15T07:47:14+05:30
BKG_0052,TRIP_005,R-1013,S-1702,2026-06-14T11:20:00+05:30,2026-06-15T07:27:56+05:30
BKG_0053,TRIP_005,R-1023,S-1702,2026-06-12T19:20:00+05:30,2026-06-15T07:27:56+05:30
BKG_0054,TRIP_005,R-1112,S-1702,2026-06-14T23:20:00+05:30,2026-06-15T07:27:56+05:30
BKG_0055,TRIP_005,R-1056,S-1704,2026-06-14T23:20:00+05:30,2026-06-15T07:47:14+05:30
BKG_0056,TRIP_005,R-1017,S-1702,2026-06-12T19:20:00+05:30,2026-06-15T07:27:56+05:30
BKG_0057,TRIP_005,R-1093,S-1703,2026-06-14T23:20:00+05:30,2026-06-15T07:38:43+05:30
BKG_0058,TRIP_005,R-1008,S-1706,2026-06-14T11:20:00+05:30,2026-06-15T08:05:55+05:30
BKG_0059,TRIP_005,R-1088,S-1705,2026-06-14T17:20:00+05:30,2026-06-15T07:56:18+05:30
BKG_0060,TRIP_005,R-1010,S-1703,2026-06-12T07:20:00+05:30,2026-06-15T07:38:43+05:30
BKG_0061,TRIP_005,R-1188,S-1702,2026-06-14T23:20:00+05:30,2026-06-15T07:27:56+05:30
BKG_0062,TRIP_005,R-1129,S-1701,2026-06-14T17:20:00+05:30,2026-06-15T07:20:00+05:30
BKG_0063,TRIP_005,R-1022,S-1702,2026-06-14T17:20:00+05:30,2026-06-15T07:27:56+05:30
BKG_0064,TRIP_005,R-1188,S-1702,2026-06-14T23:20:00+05:30,2026-06-15T07:27:56+05:30
BKG_0065,TRIP_005,R-1121,S-1703,2026-06-12T19:20:00+05:30,2026-06-15T07:38:43+05:30
BKG_0066,TRIP_005,R-1235,S-1705,2026-06-14T23:20:00+05:30,2026-06-15T07:56:18+05:30
BKG_0067,TRIP_006,R-1022,S-0901,2026-06-14T11:40:00+05:30,2026-06-15T07:40:00+05:30
BKG_0068,TRIP_006,R-1158,S-0903,2026-06-13T15:40:00+05:30,2026-06-15T07:58:53+05:30
BKG_0069,TRIP_006,R-1195,S-0902,2026-06-14T11:40:00+05:30,2026-06-15T07:47:34+05:30
BKG_0070,TRIP_006,R-1103,S-0901,2026-06-14T11:40:00+05:30,2026-06-15T07:40:00+05:30
BKG_0071,TRIP_006,R-1113,S-0903,2026-06-13T15:40:00+05:30,2026-06-15T07:58:53+05:30
BKG_0072,TRIP_006,R-1009,S-0904,2026-06-12T07:40:00+05:30,2026-06-15T08:06:53+05:30
BKG_0073,TRIP_006,R-1203,S-0905,2026-06-12T19:40:00+05:30,2026-06-15T08:17:15+05:30
BKG_0074,TRIP_006,R-1224,S-0901,2026-06-14T17:40:00+05:30,2026-06-15T07:40:00+05:30
BKG_0075,TRIP_006,R-1052,S-0901,2026-06-12T07:40:00+05:30,2026-06-15T07:40:00+05:30
BKG_0076,TRIP_006,R-1085,S-0901,2026-06-13T15:40:00+05:30,2026-06-15T07:40:00+05:30
BKG_0077,TRIP_006,R-1097,S-0903,2026-06-14T05:40:00+05:30,2026-06-15T07:58:53+05:30
BKG_0078,TRIP_006,R-1217,S-0902,2026-06-12T19:40:00+05:30,2026-06-15T07:47:34+05:30
BKG_0079,TRIP_006,R-1071,S-0903,2026-06-12T19:40:00+05:30,2026-06-15T07:58:53+05:30
BKG_0080,TRIP_006,R-1092,S-0904,2026-06-12T07:40:00+05:30,2026-06-15T08:06:53+05:30
BKG_0081,TRIP_006,R-1067,S-0905,2026-06-14T17:40:00+05:30,2026-06-15T08:17:15+05:30
BKG_0082,TRIP_007,R-1108,S-2104,2026-06-13T15:00:00+05:30,2026-06-15T07:22:47+05:30
BKG_0083,TRIP_007,R-1184,S-2102,2026-06-12T19:00:00+05:30,2026-06-15T07:08:37+05:30
BKG_0084,TRIP_007,R-1103,S-2105,2026-06-13T15:00:00+05:30,2026-06-15T07:31:12+05:30
BKG_0085,TRIP_007,R-1008,S-2102,2026-06-14T23:00:00+05:30,2026-06-15T07:08:37+05:30
BKG_0086,TRIP_007,R-1055,S-2102,2026-06-12T19:00:00+05:30,2026-06-15T07:08:37+05:30
BKG_0087,TRIP_007,R-1211,S-2101,2026-06-12T19:00:00+05:30,2026-06-15T07:00:00+05:30
BKG_0088,TRIP_007,R-1124,S-2102,2026-06-14T05:00:00+05:30,2026-06-15T07:08:37+05:30
BKG_0089,TRIP_007,R-1235,S-2101,2026-06-13T15:00:00+05:30,2026-06-15T07:00:00+05:30
BKG_0090,TRIP_007,R-1039,S-2103,2026-06-14T17:00:00+05:30,2026-06-15T07:17:52+05:30
BKG_0091,TRIP_007,R-1119,S-2105,2026-06-12T07:00:00+05:30,2026-06-15T07:31:12+05:30
BKG_0092,TRIP_007,R-1176,S-2104,2026-06-13T15:00:00+05:30,2026-06-15T07:22:47+05:30
BKG_0093,TRIP_007,R-1180,S-2102,2026-06-12T07:00:00+05:30,2026-06-15T07:08:37+05:30
BKG_0094,TRIP_007,R-1199,S-2105,2026-06-14T17:00:00+05:30,2026-06-15T07:31:12+05:30
BKG_0095,TRIP_007,R-1187,S-2102,2026-06-14T23:00:00+05:30,2026-06-15T07:08:37+05:30
BKG_0096,TRIP_007,R-1094,S-2104,2026-06-14T05:00:00+05:30,2026-06-15T07:22:47+05:30
BKG_0097,TRIP_007,R-1208,S-2104,2026-06-14T17:00:00+05:30,2026-06-15T07:22:47+05:30
BKG_0098,TRIP_007,R-1155,S-2102,2026-06-14T05:00:00+05:30,2026-06-15T07:08:37+05:30
BKG_0099,TRIP_007,R-1087,S-2103,2026-06-14T17:00:00+05:30,2026-06-15T07:17:52+05:30
BKG_0100,TRIP_007,R-1049,S-2105,2026-06-14T11:00:00+05:30,2026-06-15T07:31:12+05:30
BKG_0101,TRIP_007,R-1130,S-2102,2026-06-14T11:00:00+05:30,2026-06-15T07:08:37+05:30
BKG_0102,TRIP_008,R-1238,S-1107,2026-06-14T12:10:00+05:30,2026-06-15T09:03:20+05:30
BKG_0103,TRIP_008,R-1012,S-1105,2026-06-14T12:10:00+05:30,2026-06-15T08:44:31+05:30
BKG_0104,TRIP_008,R-1094,S-1102,2026-06-14T18:10:00+05:30,2026-06-15T08:18:57+05:30
BKG_0105,TRIP_008,R-1031,S-1104,2026-06-13T16:10:00+05:30,2026-06-15T08:36:45+05:30
BKG_0106,TRIP_008,R-1226,S-1107,2026-06-14T12:10:00+05:30,2026-06-15T09:03:20+05:30
BKG_0107,TRIP_008,R-1244,S-1101,2026-06-14T06:10:00+05:30,2026-06-15T08:10:00+05:30
BKG_0108,TRIP_008,R-1043,S-1103,2026-06-12T20:10:00+05:30,2026-06-15T08:28:35+05:30
BKG_0109,TRIP_008,R-1026,S-1107,2026-06-14T12:10:00+05:30,2026-06-15T09:03:20+05:30
BKG_0110,TRIP_008,R-1217,S-1102,2026-06-14T12:10:00+05:30,2026-06-15T08:18:57+05:30
BKG_0111,TRIP_008,R-1140,S-1104,2026-06-12T08:10:00+05:30,2026-06-15T08:36:45+05:30
BKG_0112,TRIP_008,R-1087,S-1105,2026-06-14T18:10:00+05:30,2026-06-15T08:44:31+05:30
BKG_0113,TRIP_008,R-1101,S-1103,2026-06-13T16:10:00+05:30,2026-06-15T08:28:35+05:30
BKG_0114,TRIP_008,R-1013,S-1103,2026-06-14T06:10:00+05:30,2026-06-15T08:28:35+05:30
BKG_0115,TRIP_008,R-1246,S-1102,2026-06-15T00:10:00+05:30,2026-06-15T08:18:57+05:30
BKG_0116,TRIP_008,R-1003,S-1101,2026-06-14T18:10:00+05:30,2026-06-15T08:10:00+05:30
BKG_0117,TRIP_008,R-1007,S-1102,2026-06-14T06:10:00+05:30,2026-06-15T08:18:57+05:30
BKG_0118,TRIP_008,R-1136,S-1103,2026-06-12T08:10:00+05:30,2026-06-15T08:28:35+05:30
BKG_0119,TRIP_008,R-1089,S-1101,2026-06-14T06:10:00+05:30,2026-06-15T08:10:00+05:30
BKG_0120,TRIP_008,R-1012,S-1103,2026-06-12T20:10:00+05:30,2026-06-15T08:28:35+05:30
BKG_0121,TRIP_009,R-1155,S-1705,2026-06-14T18:30:00+05:30,2026-06-15T09:06:18+05:30
BKG_0122,TRIP_009,R-1146,S-1701,2026-06-14T06:30:00+05:30,2026-06-15T08:30:00+05:30
BKG_0123,TRIP_009,R-1042,S-1704,2026-06-15T00:30:00+05:30,2026-06-15T08:57:14+05:30
BKG_0124,TRIP_009,R-1021,S-1706,2026-06-13T16:30:00+05:30,2026-06-15T09:15:55+05:30
BKG_0125,TRIP_009,R-1134,S-1705,2026-06-14T06:30:00+05:30,2026-06-15T09:06:18+05:30
BKG_0126,TRIP_009,R-1068,S-1704,2026-06-15T00:30:00+05:30,2026-06-15T08:57:14+05:30
BKG_0127,TRIP_010,R-1220,S-2105,2026-06-12T08:45:00+05:30,2026-06-15T09:16:12+05:30
BKG_0128,TRIP_010,R-1015,S-2101,2026-06-12T08:45:00+05:30,2026-06-15T08:45:00+05:30
BKG_0129,TRIP_010,R-1205,S-2104,2026-06-12T08:45:00+05:30,2026-06-15T09:07:47+05:30
BKG_0130,TRIP_010,R-1045,S-2102,2026-06-12T08:45:00+05:30,2026-06-15T08:53:37+05:30
BKG_0131,TRIP_010,R-1148,S-2103,2026-06-14T12:45:00+05:30,2026-06-15T09:02:52+05:30
BKG_0132,TRIP_010,R-1115,S-2104,2026-06-14T18:45:00+05:30,2026-06-15T09:07:47+05:30
BKG_0133,TRIP_011,R-1171,S-1104,2026-06-15T00:00:00+05:30,2026-06-15T08:26:45+05:30
BKG_0134,TRIP_011,R-1011,S-1105,2026-06-14T06:00:00+05:30,2026-06-15T08:34:31+05:30
BKG_0135,TRIP_011,R-1170,S-1101,2026-06-15T00:00:00+05:30,2026-06-15T08:00:00+05:30
BKG_0136,TRIP_011,R-1217,S-1104,2026-06-14T06:00:00+05:30,2026-06-15T08:26:45+05:30
BKG_0137,TRIP_011,R-1005,S-1103,2026-06-14T06:00:00+05:30,2026-06-15T08:18:35+05:30
BKG_0138,TRIP_011,R-1247,S-1103,2026-06-12T08:00:00+05:30,2026-06-15T08:18:35+05:30
BKG_0139,TRIP_011,R-1258,S-1102,2026-06-12T20:00:00+05:30,2026-06-15T08:08:57+05:30
BKG_0140,TRIP_011,R-1207,S-1103,2026-06-15T00:00:00+05:30,2026-06-15T08:18:35+05:30
BKG_0141,TRIP_011,R-1217,S-1101,2026-06-15T00:00:00+05:30,2026-06-15T08:00:00+05:30
BKG_0142,TRIP_011,R-1140,S-1103,2026-06-14T18:00:00+05:30,2026-06-15T08:18:35+05:30
BKG_0143,TRIP_011,R-1032,S-1101,2026-06-14T12:00:00+05:30,2026-06-15T08:00:00+05:30
BKG_0144,TRIP_011,R-1118,S-1102,2026-06-13T16:00:00+05:30,2026-06-15T08:08:57+05:30
BKG_0145,TRIP_011,R-1237,S-1106,2026-06-15T00:00:00+05:30,2026-06-15T08:44:05+05:30
BKG_0146,TRIP_011,R-1199,S-1106,2026-06-14T18:00:00+05:30,2026-06-15T08:44:05+05:30
BKG_0147,TRIP_011,R-1231,S-1102,2026-06-12T08:00:00+05:30,2026-06-15T08:08:57+05:30
BKG_0148,TRIP_011,R-1251,S-1104,2026-06-12T20:00:00+05:30,2026-06-15T08:26:45+05:30
BKG_0149,TRIP_011,R-1186,S-1102,2026-06-15T00:00:00+05:30,2026-06-15T08:08:57+05:30
BKG_0150,TRIP_011,R-1173,S-1103,2026-06-14T18:00:00+05:30,2026-06-15T08:18:35+05:30
BKG_0151,TRIP_012,R-1145,S-0901,2026-06-15T10:45:00+05:30,2026-06-16T06:45:00+05:30
BKG_0152,TRIP_012,R-1110,S-0905,2026-06-15T04:45:00+05:30,2026-06-16T07:22:15+05:30
BKG_0153,TRIP_012,R-1164,S-0902,2026-06-15T22:45:00+05:30,2026-06-16T06:52:34+05:30
BKG_0154,TRIP_012,R-1137,S-0904,2026-06-14T14:45:00+05:30,2026-06-16T07:11:53+05:30
BKG_0155,TRIP_012,R-1050,S-0901,2026-06-13T18:45:00+05:30,2026-06-16T06:45:00+05:30
BKG_0156,TRIP_012,R-1103,S-0903,2026-06-15T10:45:00+05:30,2026-06-16T07:03:53+05:30
BKG_0157,TRIP_012,R-1017,S-0901,2026-06-15T16:45:00+05:30,2026-06-16T06:45:00+05:30
BKG_0158,TRIP_012,R-1186,S-0903,2026-06-13T18:45:00+05:30,2026-06-16T07:03:53+05:30
BKG_0159,TRIP_012,R-1042,S-0905,2026-06-15T16:45:00+05:30,2026-06-16T07:22:15+05:30
BKG_0160,TRIP_012,R-1141,S-0906,2026-06-15T22:45:00+05:30,2026-06-16T07:29:50+05:30
BKG_0161,TRIP_012,R-1185,S-0902,2026-06-14T14:45:00+05:30,2026-06-16T06:52:34+05:30
BKG_0162,TRIP_012,R-1142,S-0906,2026-06-14T14:45:00+05:30,2026-06-16T07:29:50+05:30
BKG_0163,TRIP_012,R-1139,S-0902,2026-06-15T10:45:00+05:30,2026-06-16T06:52:34+05:30
BKG_0164,TRIP_013,R-1190,S-1104,2026-06-15T22:50:00+05:30,2026-06-16T07:16:45+05:30
BKG_0165,TRIP_013,R-1031,S-1106,2026-06-13T18:50:00+05:30,2026-06-16T07:34:05+05:30
BKG_0166,TRIP_013,R-1178,S-1107,2026-06-15T04:50:00+05:30,2026-06-16T07:43:20+05:30
BKG_0167,TRIP_013,R-1100,S-1102,2026-06-13T06:50:00+05:30,2026-06-16T06:58:57+05:30
BKG_0168,TRIP_013,R-1014,S-1101,2026-06-15T16:50:00+05:30,2026-06-16T06:50:00+05:30
BKG_0169,TRIP_013,R-1134,S-1105,2026-06-15T10:50:00+05:30,2026-06-16T07:24:31+05:30
BKG_0170,TRIP_013,R-1228,S-1105,2026-06-14T14:50:00+05:30,2026-06-16T07:24:31+05:30
BKG_0171,TRIP_013,R-1065,S-1103,2026-06-15T22:50:00+05:30,2026-06-16T07:08:35+05:30
BKG_0172,TRIP_013,R-1091,S-1104,2026-06-14T14:50:00+05:30,2026-06-16T07:16:45+05:30
BKG_0173,TRIP_013,R-1098,S-1106,2026-06-15T22:50:00+05:30,2026-06-16T07:34:05+05:30
BKG_0174,TRIP_013,R-1145,S-1101,2026-06-15T16:50:00+05:30,2026-06-16T06:50:00+05:30
BKG_0175,TRIP_013,R-1082,S-1102,2026-06-15T04:50:00+05:30,2026-06-16T06:58:57+05:30
BKG_0176,TRIP_013,R-1105,S-1107,2026-06-13T06:50:00+05:30,2026-06-16T07:43:20+05:30
BKG_0177,TRIP_013,R-1001,S-1104,2026-06-15T22:50:00+05:30,2026-06-16T07:16:45+05:30
BKG_0178,TRIP_013,R-1014,S-1103,2026-06-15T22:50:00+05:30,2026-06-16T07:08:35+05:30
BKG_0179,TRIP_013,R-1159,S-1105,2026-06-13T18:50:00+05:30,2026-06-16T07:24:31+05:30
BKG_0180,TRIP_013,R-1233,S-1102,2026-06-15T04:50:00+05:30,2026-06-16T06:58:57+05:30
BKG_0181,TRIP_013,R-1082,S-1106,2026-06-15T10:50:00+05:30,2026-06-16T07:34:05+05:30
BKG_0182,TRIP_013,R-1134,S-1103,2026-06-15T10:50:00+05:30,2026-06-16T07:08:35+05:30
BKG_0183,TRIP_013,R-1084,S-1101,2026-06-13T06:50:00+05:30,2026-06-16T06:50:00+05:30
BKG_0184,TRIP_014,R-1155,S-1204,2026-06-13T19:05:00+05:30,2026-06-16T07:29:52+05:30
BKG_0185,TRIP_014,R-1232,S-1203,2026-06-13T07:05:00+05:30,2026-06-16T07:22:50+05:30
BKG_0186,TRIP_014,R-1145,S-1205,2026-06-15T17:05:00+05:30,2026-06-16T07:40:04+05:30
BKG_0187,TRIP_014,R-1096,S-1205,2026-06-15T05:05:00+05:30,2026-06-16T07:40:04+05:30
BKG_0188,TRIP_014,R-1062,S-1203,2026-06-13T19:05:00+05:30,2026-06-16T07:22:50+05:30
BKG_0189,TRIP_014,R-1123,S-1201,2026-06-14T15:05:00+05:30,2026-06-16T07:05:00+05:30
BKG_0190,TRIP_014,R-1074,S-1201,2026-06-15T11:05:00+05:30,2026-06-16T07:05:00+05:30
BKG_0191,TRIP_015,R-1047,S-1701,2026-06-15T17:20:00+05:30,2026-06-16T07:20:00+05:30
BKG_0192,TRIP_015,R-1123,S-1702,2026-06-15T23:20:00+05:30,2026-06-16T07:27:56+05:30
BKG_0193,TRIP_015,R-1191,S-1704,2026-06-13T07:20:00+05:30,2026-06-16T07:47:14+05:30
BKG_0194,TRIP_015,R-1007,S-1702,2026-06-13T07:20:00+05:30,2026-06-16T07:27:56+05:30
BKG_0195,TRIP_015,R-1092,S-1706,2026-06-15T23:20:00+05:30,2026-06-16T08:05:55+05:30
BKG_0196,TRIP_015,R-1248,S-1704,2026-06-15T23:20:00+05:30,2026-06-16T07:47:14+05:30
BKG_0197,TRIP_015,R-1136,S-1703,2026-06-15T23:20:00+05:30,2026-06-16T07:38:43+05:30
BKG_0198,TRIP_015,R-1182,S-1706,2026-06-15T11:20:00+05:30,2026-06-16T08:05:55+05:30
BKG_0199,TRIP_015,R-1115,S-1706,2026-06-14T15:20:00+05:30,2026-06-16T08:05:55+05:30
BKG_0200,TRIP_015,R-1247,S-1704,2026-06-15T05:20:00+05:30,2026-06-16T07:47:14+05:30
BKG_0201,TRIP_015,R-1101,S-1703,2026-06-14T15:20:00+05:30,2026-06-16T07:38:43+05:30
BKG_0202,TRIP_015,R-1251,S-1703,2026-06-15T17:20:00+05:30,2026-06-16T07:38:43+05:30
BKG_0203,TRIP_015,R-1240,S-1704,2026-06-15T11:20:00+05:30,2026-06-16T07:47:14+05:30
BKG_0204,TRIP_015,R-1018,S-1702,2026-06-15T23:20:00+05:30,2026-06-16T07:27:56+05:30
BKG_0205,TRIP_015,R-1014,S-1702,2026-06-13T07:20:00+05:30,2026-06-16T07:27:56+05:30
BKG_0206,TRIP_016,R-1215,S-2104,2026-06-15T17:00:00+05:30,2026-06-16T07:22:47+05:30
BKG_0207,TRIP_016,R-1099,S-2103,2026-06-13T19:00:00+05:30,2026-06-16T07:17:52+05:30
BKG_0208,TRIP_016,R-1139,S-2102,2026-06-13T07:00:00+05:30,2026-06-16T07:08:37+05:30
BKG_0209,TRIP_016,R-1016,S-2101,2026-06-15T17:00:00+05:30,2026-06-16T07:00:00+05:30
BKG_0210,TRIP_016,R-1200,S-2105,2026-06-14T15:00:00+05:30,2026-06-16T07:31:12+05:30
BKG_0211,TRIP_016,R-1045,S-2103,2026-06-13T19:00:00+05:30,2026-06-16T07:17:52+05:30
BKG_0212,TRIP_016,R-1210,S-2102,2026-06-13T19:00:00+05:30,2026-06-16T07:08:37+05:30
BKG_0213,TRIP_016,R-1028,S-2102,2026-06-13T19:00:00+05:30,2026-06-16T07:08:37+05:30
BKG_0214,TRIP_016,R-1048,S-2103,2026-06-15T17:00:00+05:30,2026-06-16T07:17:52+05:30
BKG_0215,TRIP_016,R-1230,S-2103,2026-06-15T23:00:00+05:30,2026-06-16T07:17:52+05:30
BKG_0216,TRIP_016,R-1193,S-2101,2026-06-15T05:00:00+05:30,2026-06-16T07:00:00+05:30
BKG_0217,TRIP_016,R-1139,S-2101,2026-06-13T19:00:00+05:30,2026-06-16T07:00:00+05:30
BKG_0218,TRIP_016,R-1093,S-2105,2026-06-15T23:00:00+05:30,2026-06-16T07:31:12+05:30
BKG_0219,TRIP_016,R-1088,S-2103,2026-06-14T15:00:00+05:30,2026-06-16T07:17:52+05:30
BKG_0220,TRIP_017,R-1103,S-1402,2026-06-15T17:30:00+05:30,2026-06-16T07:38:04+05:30
BKG_0221,TRIP_017,R-1171,S-1402,2026-06-13T07:30:00+05:30,2026-06-16T07:38:04+05:30
BKG_0222,TRIP_017,R-1117,S-1404,2026-06-13T07:30:00+05:30,2026-06-16T07:55:28+05:30
BKG_0223,TRIP_017,R-1037,S-1402,2026-06-15T11:30:00+05:30,2026-06-16T07:38:04+05:30
BKG_0224,TRIP_017,R-1170,S-1401,2026-06-13T07:30:00+05:30,2026-06-16T07:30:00+05:30
BKG_0225,TRIP_017,R-1122,S-1405,2026-06-15T05:30:00+05:30,2026-06-16T08:04:26+05:30
BKG_0226,TRIP_017,R-1018,S-1402,2026-06-13T19:30:00+05:30,2026-06-16T07:38:04+05:30
BKG_0227,TRIP_017,R-1075,S-1403,2026-06-13T19:30:00+05:30,2026-06-16T07:46:13+05:30
BKG_0228,TRIP_017,R-1155,S-1401,2026-06-14T15:30:00+05:30,2026-06-16T07:30:00+05:30
BKG_0229,TRIP_017,R-1181,S-1405,2026-06-15T11:30:00+05:30,2026-06-16T08:04:26+05:30
BKG_0230,TRIP_017,R-1013,S-1407,2026-06-15T11:30:00+05:30,2026-06-16T08:20:57+05:30
BKG_0231,TRIP_017,R-1136,S-1407,2026-06-15T17:30:00+05:30,2026-06-16T08:20:57+05:30
BKG_0232,TRIP_017,R-1182,S-1403,2026-06-13T19:30:00+05:30,2026-06-16T07:46:13+05:30
BKG_0233,TRIP_017,R-1186,S-1405,2026-06-13T19:30:00+05:30,2026-06-16T08:04:26+05:30
BKG_0234,TRIP_017,R-1137,S-1404,2026-06-14T15:30:00+05:30,2026-06-16T07:55:28+05:30
BKG_0235,TRIP_017,R-1150,S-1402,2026-06-15T05:30:00+05:30,2026-06-16T07:38:04+05:30
BKG_0236,TRIP_017,R-1195,S-1404,2026-06-15T17:30:00+05:30,2026-06-16T07:55:28+05:30
BKG_0237,TRIP_017,R-1215,S-1403,2026-06-13T07:30:00+05:30,2026-06-16T07:46:13+05:30
BKG_0238,TRIP_017,R-1177,S-1407,2026-06-13T19:30:00+05:30,2026-06-16T08:20:57+05:30
BKG_0239,TRIP_017,R-1081,S-1403,2026-06-13T07:30:00+05:30,2026-06-16T07:46:13+05:30
BKG_0240,TRIP_018,R-1119,S-1402,2026-06-13T09:00:00+05:30,2026-06-16T09:08:04+05:30
BKG_0241,TRIP_018,R-1191,S-1408,2026-06-15T07:00:00+05:30,2026-06-16T09:58:27+05:30
BKG_0242,TRIP_018,R-1243,S-1403,2026-06-14T17:00:00+05:30,2026-06-16T09:16:13+05:30
BKG_0243,TRIP_018,R-1073,S-1406,2026-06-15T07:00:00+05:30,2026-06-16T09:41:24+05:30
BKG_0244,TRIP_018,R-1149,S-1402,2026-06-13T09:00:00+05:30,2026-06-16T09:08:04+05:30
BKG_0245,TRIP_019,R-1166,S-1702,2026-06-13T08:30:00+05:30,2026-06-16T08:37:56+05:30
BKG_0246,TRIP_019,R-1142,S-1702,2026-06-15T12:30:00+05:30,2026-06-16T08:37:56+05:30
BKG_0247,TRIP_019,R-1209,S-1704,2026-06-15T06:30:00+05:30,2026-06-16T08:57:14+05:30
BKG_0248,TRIP_019,R-1108,S-1701,2026-06-13T08:30:00+05:30,2026-06-16T08:30:00+05:30
BKG_0249,TRIP_019,R-1153,S-1705,2026-06-14T16:30:00+05:30,2026-06-16T09:06:18+05:30
BKG_0250,TRIP_019,R-1208,S-1704,2026-06-14T16:30:00+05:30,2026-06-16T08:57:14+05:30
BKG_0251,TRIP_019,R-1202,S-1702,2026-06-14T16:30:00+05:30,2026-06-16T08:37:56+05:30
BKG_0252,TRIP_019,R-1237,S-1705,2026-06-13T20:30:00+05:30,2026-06-16T09:06:18+05:30
BKG_0253,TRIP_019,R-1113,S-1706,2026-06-15T06:30:00+05:30,2026-06-16T09:15:55+05:30
BKG_0254,TRIP_019,R-1193,S-1702,2026-06-15T12:30:00+05:30,2026-06-16T08:37:56+05:30
BKG_0255,TRIP_019,R-1203,S-1701,2026-06-14T16:30:00+05:30,2026-06-16T08:30:00+05:30
BKG_0256,TRIP_019,R-1211,S-1703,2026-06-13T08:30:00+05:30,2026-06-16T08:48:43+05:30
BKG_0257,TRIP_019,R-1161,S-1702,2026-06-14T16:30:00+05:30,2026-06-16T08:37:56+05:30
BKG_0258,TRIP_019,R-1244,S-1702,2026-06-15T12:30:00+05:30,2026-06-16T08:37:56+05:30
BKG_0259,TRIP_019,R-1138,S-1701,2026-06-13T08:30:00+05:30,2026-06-16T08:30:00+05:30
BKG_0260,TRIP_019,R-1200,S-1701,2026-06-16T00:30:00+05:30,2026-06-16T08:30:00+05:30
BKG_0261,TRIP_019,R-1007,S-1704,2026-06-15T18:30:00+05:30,2026-06-16T08:57:14+05:30
BKG_0262,TRIP_019,R-1120,S-1702,2026-06-14T16:30:00+05:30,2026-06-16T08:37:56+05:30
BKG_0263,TRIP_019,R-1037,S-1703,2026-06-15T06:30:00+05:30,2026-06-16T08:48:43+05:30
BKG_0264,TRIP_019,R-1186,S-1702,2026-06-15T06:30:00+05:30,2026-06-16T08:37:56+05:30
BKG_0265,TRIP_020,R-1193,S-0905,2026-06-16T22:45:00+05:30,2026-06-17T07:22:15+05:30
BKG_0266,TRIP_020,R-1077,S-0901,2026-06-14T06:45:00+05:30,2026-06-17T06:45:00+05:30
BKG_0267,TRIP_020,R-1043,S-0902,2026-06-16T04:45:00+05:30,2026-06-17T06:52:34+05:30
BKG_0268,TRIP_020,R-1126,S-0901,2026-06-14T06:45:00+05:30,2026-06-17T06:45:00+05:30
BKG_0269,TRIP_020,R-1067,S-0903,2026-06-14T06:45:00+05:30,2026-06-17T07:03:53+05:30
BKG_0270,TRIP_020,R-1035,S-0904,2026-06-16T04:45:00+05:30,2026-06-17T07:11:53+05:30
BKG_0271,TRIP_020,R-1090,S-0904,2026-06-15T14:45:00+05:30,2026-06-17T07:11:53+05:30
BKG_0272,TRIP_020,R-1069,S-0905,2026-06-16T16:45:00+05:30,2026-06-17T07:22:15+05:30
BKG_0273,TRIP_020,R-1221,S-0903,2026-06-16T04:45:00+05:30,2026-06-17T07:03:53+05:30
BKG_0274,TRIP_020,R-1054,S-0904,2026-06-14T18:45:00+05:30,2026-06-17T07:11:53+05:30
BKG_0275,TRIP_020,R-1011,S-0901,2026-06-14T06:45:00+05:30,2026-06-17T06:45:00+05:30
BKG_0276,TRIP_020,R-1072,S-0903,2026-06-15T14:45:00+05:30,2026-06-17T07:03:53+05:30
BKG_0277,TRIP_020,R-1178,S-0902,2026-06-15T14:45:00+05:30,2026-06-17T06:52:34+05:30
BKG_0278,TRIP_020,R-1025,S-0903,2026-06-16T10:45:00+05:30,2026-06-17T07:03:53+05:30
BKG_0279,TRIP_020,R-1233,S-0904,2026-06-15T14:45:00+05:30,2026-06-17T07:11:53+05:30
BKG_0280,TRIP_020,R-1099,S-0901,2026-06-16T16:45:00+05:30,2026-06-17T06:45:00+05:30
BKG_0281,TRIP_020,R-1012,S-0901,2026-06-15T14:45:00+05:30,2026-06-17T06:45:00+05:30
BKG_0282,TRIP_020,R-1069,S-0902,2026-06-14T18:45:00+05:30,2026-06-17T06:52:34+05:30
BKG_0283,TRIP_021,R-1251,S-1103,2026-06-16T10:50:00+05:30,2026-06-17T07:08:35+05:30
BKG_0284,TRIP_021,R-1104,S-1103,2026-06-14T06:50:00+05:30,2026-06-17T07:08:35+05:30
BKG_0285,TRIP_021,R-1052,S-1102,2026-06-15T14:50:00+05:30,2026-06-17T06:58:57+05:30
BKG_0286,TRIP_021,R-1007,S-1103,2026-06-14T18:50:00+05:30,2026-06-17T07:08:35+05:30
BKG_0287,TRIP_021,R-1046,S-1103,2026-06-14T18:50:00+05:30,2026-06-17T07:08:35+05:30
BKG_0288,TRIP_022,R-1008,S-1202,2026-06-16T23:05:00+05:30,2026-06-17T07:12:15+05:30
BKG_0289,TRIP_022,R-1069,S-1201,2026-06-16T05:05:00+05:30,2026-06-17T07:05:00+05:30
BKG_0290,TRIP_022,R-1161,S-1202,2026-06-16T11:05:00+05:30,2026-06-17T07:12:15+05:30
BKG_0291,TRIP_022,R-1034,S-1202,2026-06-16T23:05:00+05:30,2026-06-17T07:12:15+05:30
BKG_0292,TRIP_022,R-1127,S-1202,2026-06-16T05:05:00+05:30,2026-06-17T07:12:15+05:30
BKG_0293,TRIP_022,R-1127,S-1204,2026-06-16T05:05:00+05:30,2026-06-17T07:29:52+05:30
BKG_0294,TRIP_022,R-1175,S-1203,2026-06-15T15:05:00+05:30,2026-06-17T07:22:50+05:30
BKG_0295,TRIP_022,R-1176,S-1202,2026-06-16T17:05:00+05:30,2026-06-17T07:12:15+05:30
BKG_0296,TRIP_022,R-1238,S-1202,2026-06-16T17:05:00+05:30,2026-06-17T07:12:15+05:30
BKG_0297,TRIP_022,R-1129,S-1204,2026-06-16T23:05:00+05:30,2026-06-17T07:29:52+05:30
BKG_0298,TRIP_022,R-1234,S-1204,2026-06-15T15:05:00+05:30,2026-06-17T07:29:52+05:30
BKG_0299,TRIP_022,R-1183,S-1205,2026-06-16T11:05:00+05:30,2026-06-17T07:40:04+05:30
BKG_0300,TRIP_022,R-1137,S-1203,2026-06-16T11:05:00+05:30,2026-06-17T07:22:50+05:30
BKG_0301,TRIP_023,R-1087,S-1703,2026-06-16T23:55:00+05:30,2026-06-17T08:13:43+05:30
BKG_0302,TRIP_023,R-1173,S-1702,2026-06-16T17:55:00+05:30,2026-06-17T08:02:56+05:30
BKG_0303,TRIP_023,R-1001,S-1702,2026-06-16T05:55:00+05:30,2026-06-17T08:02:56+05:30
BKG_0304,TRIP_023,R-1259,S-1702,2026-06-16T17:55:00+05:30,2026-06-17T08:02:56+05:30
BKG_0305,TRIP_023,R-1186,S-1702,2026-06-15T15:55:00+05:30,2026-06-17T08:02:56+05:30
BKG_0306,TRIP_023,R-1234,S-1704,2026-06-14T07:55:00+05:30,2026-06-17T08:22:14+05:30
BKG_0307,TRIP_023,R-1022,S-1707,2026-06-16T05:55:00+05:30,2026-06-17T08:49:53+05:30
BKG_0308,TRIP_024,R-1014,S-2103,2026-06-16T05:00:00+05:30,2026-06-17T07:17:52+05:30
BKG_0309,TRIP_024,R-1072,S-2103,2026-06-14T07:00:00+05:30,2026-06-17T07:17:52+05:30
BKG_0310,TRIP_024,R-1040,S-2102,2026-06-16T11:00:00+05:30,2026-06-17T07:08:37+05:30
BKG_0311,TRIP_024,R-1218,S-2101,2026-06-16T05:00:00+05:30,2026-06-17T07:00:00+05:30
BKG_0312,TRIP_024,R-1249,S-2103,2026-06-14T19:00:00+05:30,2026-06-17T07:17:52+05:30
BKG_0313,TRIP_024,R-1028,S-2102,2026-06-16T17:00:00+05:30,2026-06-17T07:08:37+05:30
BKG_0314,TRIP_024,R-1104,S-2104,2026-06-16T17:00:00+05:30,2026-06-17T07:22:47+05:30
BKG_0315,TRIP_024,R-1107,S-2101,2026-06-15T15:00:00+05:30,2026-06-17T07:00:00+05:30
BKG_0316,TRIP_025,R-1101,S-1401,2026-06-15T17:00:00+05:30,2026-06-17T09:00:00+05:30
BKG_0317,TRIP_025,R-1152,S-1405,2026-06-16T19:00:00+05:30,2026-06-17T09:34:26+05:30
BKG_0318,TRIP_025,R-1035,S-1405,2026-06-14T21:00:00+05:30,2026-06-17T09:34:26+05:30
BKG_0319,TRIP_025,R-1064,S-1401,2026-06-14T21:00:00+05:30,2026-06-17T09:00:00+05:30
BKG_0320,TRIP_025,R-1124,S-1403,2026-06-15T17:00:00+05:30,2026-06-17T09:16:13+05:30
BKG_0321,TRIP_025,R-1041,S-1405,2026-06-16T13:00:00+05:30,2026-06-17T09:34:26+05:30
BKG_0322,TRIP_025,R-1096,S-1402,2026-06-14T21:00:00+05:30,2026-06-17T09:08:04+05:30
BKG_0323,TRIP_025,R-1194,S-1404,2026-06-16T13:00:00+05:30,2026-06-17T09:25:28+05:30
BKG_0324,TRIP_025,R-1066,S-1405,2026-06-16T07:00:00+05:30,2026-06-17T09:34:26+05:30
BKG_0325,TRIP_025,R-1237,S-1401,2026-06-14T09:00:00+05:30,2026-06-17T09:00:00+05:30
BKG_0326,TRIP_025,R-1149,S-1405,2026-06-16T19:00:00+05:30,2026-06-17T09:34:26+05:30
BKG_0327,TRIP_025,R-1056,S-1402,2026-06-15T17:00:00+05:30,2026-06-17T09:08:04+05:30
BKG_0328,TRIP_025,R-1225,S-1401,2026-06-17T01:00:00+05:30,2026-06-17T09:00:00+05:30
BKG_0329,TRIP_025,R-1178,S-1405,2026-06-16T19:00:00+05:30,2026-06-17T09:34:26+05:30
BKG_0330,TRIP_026,R-1248,S-2102,2026-06-16T12:45:00+05:30,2026-06-17T08:53:37+05:30
BKG_0331,TRIP_026,R-1058,S-2101,2026-06-15T16:45:00+05:30,2026-06-17T08:45:00+05:30
BKG_0332,TRIP_026,R-1216,S-2101,2026-06-14T08:45:00+05:30,2026-06-17T08:45:00+05:30
BKG_0333,TRIP_026,R-1189,S-2103,2026-06-15T16:45:00+05:30,2026-06-17T09:02:52+05:30
BKG_0334,TRIP_026,R-1029,S-2101,2026-06-15T16:45:00+05:30,2026-06-17T08:45:00+05:30
BKG_0335,TRIP_026,R-1098,S-2101,2026-06-16T06:45:00+05:30,2026-06-17T08:45:00+05:30
BKG_0336,TRIP_026,R-1110,S-2103,2026-06-14T08:45:00+05:30,2026-06-17T09:02:52+05:30
BKG_0337,TRIP_026,R-1249,S-2104,2026-06-16T12:45:00+05:30,2026-06-17T09:07:47+05:30
BKG_0338,TRIP_026,R-1258,S-2102,2026-06-17T00:45:00+05:30,2026-06-17T08:53:37+05:30
BKG_0339,TRIP_026,R-1076,S-2104,2026-06-14T08:45:00+05:30,2026-06-17T09:07:47+05:30
BKG_0340,TRIP_026,R-1171,S-2102,2026-06-14T20:45:00+05:30,2026-06-17T08:53:37+05:30
BKG_0341,TRIP_026,R-1086,S-2103,2026-06-15T16:45:00+05:30,2026-06-17T09:02:52+05:30
BKG_0342,TRIP_026,R-1240,S-2103,2026-06-16T12:45:00+05:30,2026-06-17T09:02:52+05:30
BKG_0343,TRIP_026,R-1068,S-2101,2026-06-15T16:45:00+05:30,2026-06-17T08:45:00+05:30
BKG_0344,TRIP_026,R-1080,S-2102,2026-06-16T12:45:00+05:30,2026-06-17T08:53:37+05:30
BKG_0345,TRIP_026,R-1137,S-2102,2026-06-14T08:45:00+05:30,2026-06-17T08:53:37+05:30
